{
  "average_precision": 0.9974125489774861,
  "label_source": "synthetic_top_quantile_0.95",
  "label_mode": "synthetic_top_amount_quantile",
  "synthetic": true,
  "label_meta": {
    "label_mode": "synthetic_top_amount_quantile",
    "positive_quantile": 0.95,
    "threshold_amount": 107.79149999999998,
    "positive_rate": 0.05
  },
  "split_meta": {
    "split_type": "time",
    "timestamp_col": "timestamp",
    "n_total": 25000,
    "n_train": 89,
    "n_test": 6250,
    "leakage_guard": "removed_overlap_groups",
    "overlap_groups": 1194,
    "train_removed_rows": 18661
  },
  "n_train": 89,
  "n_test": 6250,
  "positive_rate_train": 0.07865168539325842,
  "positive_rate_test": 0.0472,
  "features": [
    "amount",
    "amount_z",
    "amount_mean_cust",
    "amount_std_cust",
    "hour"
  ],
  "thresholds": [
    0.011206548660993576,
    0.01131674088537693,
    0.01140123512595892,
    0.011513318866491318,
    0.012985516339540482,
    0.015447850339114666,
    0.015599088743329048,
    0.015984805300831795,
    0.016141215339303017,
    0.016724836081266403,
    0.016888363286852837,
    0.01728120818734169,
    0.017450079321861267,
    0.020450307056307793,
    0.020649492740631104,
    0.021157409995794296,
    0.021363332867622375,
    0.02213151566684246,
    0.022346703335642815,
    0.02241208404302597,
    0.022863559424877167,
    0.029601972550153732,
    0.030952580273151398,
    0.03223685920238495,
    0.04128790646791458,
    0.04262596741318703,
    0.04303165525197983,
    0.0541975200176239,
    0.05470704659819603,
    0.05592954903841019,
    0.056454386562108994,
    0.06942176818847656,
    0.9662086367607117,
    0.9707534909248352,
    0.9774467349052429,
    0.9779567718505859,
    0.9781690835952759,
    0.9827880263328552,
    0.9829546809196472,
    0.9833422899246216,
    0.9835035800933838,
    0.9844323396682739,
    0.987297773361206,
    0.9877427816390991,
    0.9878619909286499,
    0.988139271736145,
    0.9882547855377197
  ],
  "precision": [
    0.08187621426588954,
    0.2277992277992278,
    0.22957198443579765,
    0.23101018010963195,
    0.23119122257053293,
    0.23790322580645162,
    0.24420529801324503,
    0.2532188841201717,
    0.2619893428063943,
    0.30349794238683125,
    0.35287081339712917,
    0.4974704890387858,
    0.7722513089005235,
    0.7783641160949868,
    0.7845744680851063,
    0.8038147138964578,
    0.8126721763085399,
    0.8501440922190202,
    0.8702064896755162,
    0.8727810650887574,
    0.8939393939393939,
    0.8966565349544073,
    0.899390243902439,
    0.9021406727828746,
    0.9049079754601227,
    0.948051948051948,
    0.9792387543252595,
    0.9826388888888888,
    0.9860627177700348,
    0.9895104895104895,
    0.9929577464788732,
    1.0,
    1.0,
    1.0,
    1.0,
    1.0,
    1.0,
    1.0,
    1.0,
    1.0,
    1.0,
    1.0,
    1.0,
    1.0,
    1.0,
    1.0,
    1.0
  ],
  "recall": [
    1.0,
    1.0,
    1.0,
    1.0,
    1.0,
    1.0,
    1.0,
    1.0,
    1.0,
    1.0,
    1.0,
    1.0,
    1.0,
    1.0,
    1.0,
    1.0,
    1.0,
    1.0,
    1.0,
    1.0,
    1.0,
    1.0,
    1.0,
    1.0,
    1.0,
    0.9898305084745763,
    0.9593220338983051,
    0.9593220338983051,
    0.9593220338983051,
    0.9593220338983051,
    0.9559322033898305,
    0.9559322033898305,
    0.9525423728813559,
    0.9491525423728814,
    0.9457627118644067,
    0.576271186440678,
    0.3152542372881356,
    0.3050847457627119,
    0.3016949152542373,
    0.1694915254237288,
    0.09830508474576272,
    0.09152542372881356,
    0.08813559322033898,
    0.07796610169491526,
    0.06440677966101695,
    0.023728813559322035,
    0.0
  ],
  "precision_curve": [
    0.0472,
    0.08187621426588954,
    0.2277992277992278,
    0.22957198443579765,
    0.23101018010963195,
    0.23119122257053293,
    0.23790322580645162,
    0.24420529801324503,
    0.2532188841201717,
    0.2619893428063943,
    0.30349794238683125,
    0.35287081339712917,
    0.4974704890387858,
    0.7722513089005235,
    0.7783641160949868,
    0.7845744680851063,
    0.8038147138964578,
    0.8126721763085399,
    0.8501440922190202,
    0.8702064896755162,
    0.8727810650887574,
    0.8939393939393939,
    0.8966565349544073,
    0.899390243902439,
    0.9021406727828746,
    0.9049079754601227,
    0.948051948051948,
    0.9792387543252595,
    0.9826388888888888,
    0.9860627177700348,
    0.9895104895104895,
    0.9929577464788732,
    1.0,
    1.0,
    1.0,
    1.0,
    1.0,
    1.0,
    1.0,
    1.0,
    1.0,
    1.0,
    1.0,
    1.0,
    1.0,
    1.0,
    1.0,
    1.0
  ],
  "recall_curve": [
    1.0,
    1.0,
    1.0,
    1.0,
    1.0,
    1.0,
    1.0,
    1.0,
    1.0,
    1.0,
    1.0,
    1.0,
    1.0,
    1.0,
    1.0,
    1.0,
    1.0,
    1.0,
    1.0,
    1.0,
    1.0,
    1.0,
    1.0,
    1.0,
    1.0,
    1.0,
    0.9898305084745763,
    0.9593220338983051,
    0.9593220338983051,
    0.9593220338983051,
    0.9593220338983051,
    0.9559322033898305,
    0.9559322033898305,
    0.9525423728813559,
    0.9491525423728814,
    0.9457627118644067,
    0.576271186440678,
    0.3152542372881356,
    0.3050847457627119,
    0.3016949152542373,
    0.1694915254237288,
    0.09830508474576272,
    0.09152542372881356,
    0.08813559322033898,
    0.07796610169491526,
    0.06440677966101695,
    0.023728813559322035,
    0.0
  ],
  "threshold_table_csv": "reports/fraud_xgb_synth_20260101142824_thresholds.csv"
}